title;year;rating;price
Rust;9 февр. 2018 г.;Очень положительные;737 руб
Baldur's Gate 3;3 авг. 2023 г.;Крайне положительные;1799 руб
Sons Of The Forest;23 февр. 2024 г.;Очень положительные;825 руб
BattleBit Remastered;15 июн. 2023 г.;Очень положительные;345 руб
DayZ;14 дек. 2018 г.;В основном положительные;1434 руб
Lethal Company;24 окт. 2023 г.;Крайне положительные;308 руб
Raft;20 июн. 2022 г.;Очень положительные;280 руб
Ready or Not;14 дек. 2023 г.;Очень положительные;1072 руб
Enshrouded;24 янв. 2024 г.;Очень положительные;1259 руб
Hunt: Showdown;27 авг. 2019 г.;Очень положительные;472 руб
Squad;24 сент. 2020 г.;Очень положительные;824 руб
Tabletop Simulator;6 июн. 2015 г.;Крайне положительные;209 руб
Project Zomboid;9 нояб. 2013 г.;Очень положительные;475 руб
Euro Truck Simulator 2;13 окт. 2012 г.;Крайне положительные;312 руб
Palworld;19 янв. 2024 г.;Очень положительные;990 руб
The Forest;30 апр. 2018 г.;Крайне положительные;108 руб
Subnautica;24 янв. 2018 г.;Крайне положительные;363 руб
BeamNG.drive;29 мая 2015 г.;Крайне положительные;372 руб
Valheim;2 февр. 2021 г.;Очень положительные;261 руб
Garry's Mod;30 нояб. 2006 г.;Крайне положительные;502 руб
The Callisto Protocol™;2 дек. 2022 г.;Смешанные;650 руб
Mount & Blade II: Bannerlord;25 окт. 2022 г.;Очень положительные;1679 руб
Terraria;17 мая 2011 г.;Крайне положительные;192 руб
No Man's Sky;12 авг. 2016 г.;В основном положительные;950 руб
Deep Rock Galactic;13 мая 2020 г.;Крайне положительные;263 руб
Backpack Battles;8 мар. 2024 г.;Крайне положительные;423 руб
Detroit: Become Human;18 июн. 2020 г.;Очень положительные;520 руб
Paint the Town Red;29 июл. 2021 г.;Крайне положительные;355 руб
7 Days to Die;14 дек. 2013 г.;Очень положительные;107 руб
Arma 3;12 сент. 2013 г.;Очень положительные;472 руб
Left 4 Dead 2;17 нояб. 2009 г.;Крайне положительные;38 руб
Lies of P;18 сент. 2023 г.;Очень положительные;2999 руб
Warhammer 40,000: Rogue Trader;7 дек. 2023 г.;В основном положительные;1279 руб
Arma Reforger;16 нояб. 2023 г.;Смешанные;1417 руб
Stardew Valley;26 февр. 2016 г.;Крайне положительные;239 руб
Satisfactory;9 июн. 2020 г.;Крайне положительные;605 руб
Half-Life: Alyx;23 мар. 2020 г.;Крайне положительные;646 руб
Hearts of Iron IV;6 июн. 2016 г.;Очень положительные;659 руб
Subnautica: Below Zero;14 мая 2021 г.;Очень положительные;363 руб
Risk of Rain 2;11 авг. 2020 г.;Крайне положительные;399 руб
Escape the Backrooms;12 авг. 2022 г.;Очень положительные;207 руб
GTFO;10 дек. 2021 г.;Очень положительные;921 руб
Party Animals;20 сент. 2023 г.;В основном положительные;866 руб
REMNANT II®;25 июл. 2023 г.;Очень положительные;1721 руб
RimWorld;17 окт. 2018 г.;Крайне положительные;879 руб
Medieval Dynasty;23 сент. 2021 г.;Очень положительные;1124 руб
Hearts of Iron IV - Starter Edition;11 авг. 2022 г.;Очень положительные;664 руб
Cult of the Lamb;25 февр. 2017 г.;Очень положительные;419 руб
Hollow Knight;29 сент. 2017 г.;Крайне положительные;275 руб
Cuphead;30 мар. 2022 г.;Крайне положительные;293 руб
DEATH STRANDING DIRECTOR'S CUT;26 авг. 2023 г.;Очень положительные;568 руб
Sunkenland;19 апр. 2011 г.;Очень положительные;38 руб
Portal 2;19 дек. 2014 г.;Крайне положительные;177 руб
Assetto Corsa;28 сент. 2022 г.;Очень положительные;737 руб
Foxhole;1 окт. 2017 г.;Очень положительные;160 руб
Soundpad;24 окт. 2022 г.;Крайне положительные;599 руб
Cosmoteer: Конструктор и командир звездолёта;21 янв. 2022 г.;Крайне положительные;440 руб
HITMAN 3;21 сент. 2021 г.;Очень положительные;699 руб
World War Z;18 авг. 2023 г.;Очень положительные;160 руб
Only Up: With Friends;20 янв. 2024 г.;В основном положительные;455 руб
Kebab Chefs! - Restaurant Simulator;5 нояб. 2014 г.;Очень положительные;300 руб
The Binding of Isaac: Rebirth;20 янв. 2016 г.;Крайне положительные;280 руб
Scrap Mechanic;17 сент. 2020 г.;Очень положительные;440 руб
Hades;21 апр. 2016 г.;Крайне положительные;118 руб
Don't Starve Together;4 нояб. 2016 г.;Крайне положительные;71,89 руб
City Car Driving;19 июл. 2022 г.;Очень положительные;825 руб
Stray;20 сент. 2018 г.;Крайне положительные;330 руб
Pummel Party;13 авг. 2013 г.;Очень положительные;35 руб
The Orange Box;13 мар. 2023 г.;Крайне положительные;115 руб
PAYDAY 2;26 окт. 2023 г.;Очень положительные;550 руб
Barotrauma;27 авг. 2020 г.;Очень положительные;2944,50 руб
ARK: Survival Ascended;3 дек. 2019 г.;Смешанные;399 руб
Control Ultimate Edition;25 июл. 2024 г.;Очень положительные;483 руб
DayZ Livonia;17 мая 2022 г.;В основном положительные;2880 руб
Frostpunk 2;27 сент. 2022 г.;Очень положительные;348 руб
V Rising;20 авг. 2019 г.;Очень положительные;683 руб
Kena: Bridge of Spirits;2 дек. 2015 г.;Очень положительные;389 руб
Remnant: From the Ashes;18 нояб. 2017 г.;Очень положительные;280 руб
The Isle;16 окт. 2020 г.;Крайне положительные;346 руб
CarX Drift Racing Online;22 февр. 2024 г.;Крайне положительные;217 руб
Noita;21 апр. 2022 г.;В основном положительные;1040 руб
Myth of Empires;22 нояб. 2021 г.;Крайне положительные;1049 руб
Teardown;19 окт. 2021 г.;Очень положительные;1749 руб
Farming Simulator 22;11 июн. 2021 г.;Крайне положительные;274 руб
Inscryption;25 сент. 2019 г.;Очень положительные;300 руб
Call to Arms - Gates of Hell: Ostfront;30 нояб. 2018 г.;Очень положительные;395 руб
The Long Drive;6 дек. 2018 г.;Очень положительные;373 руб
Euro Truck Simulator 2 - Beyond the Baltic Sea;11 февр. 2021 г.;Крайне положительные;473 руб
Kenshi;15 окт. 2019 г.;Очень положительные;395 руб
Little Nightmares II;14 июл. 2023 г.;Крайне положительные;409 руб
Cuphead & The Delicious Last Course;25 апр. 2017 г.;Очень положительные;181 руб
Disco Elysium - The Final Cut;8 мая 2018 г.;Очень положительные;999 руб
Jagged Alliance 3;28 мар. 2023 г.;Очень положительные;165 руб
Outlast 2;2 нояб. 2004 г.;В основном положительные;630 руб
Conan Exiles;18 окт. 2022 г.;Очень положительные;599 руб
Sifu;22 июл. 2016 г.;Крайне положительные;38 руб
Counter-Strike: Source;2 мая 2023 г.;Очень положительные;1119 руб
A Plague Tale: Requiem;10 июл. 2020 г.;Очень положительные;199 руб
Human Fall Flat;8 дек. 2023 г.;Очень положительные;1938 руб
Age of Wonders 4;18 нояб. 2008 г.;Очень положительные;187 руб
Rust - Sunburn Pack;2 июл. 2021 г.;Крайне положительные;649 руб
Against the Storm;3 сент. 2020 г.;Крайне положительные;30,40 руб
Left 4 Dead;17 нояб. 2018 г.;Очень положительные;241 руб
Rust - Voice Props Pack;9 мая 2023 г.;Крайне положительные;660 руб
ULTRAKILL;23 янв. 2024 г.;Очень положительные;135 руб
Among Us;28 февр. 2017 г.;В основном положительные;749 руб
Voidtrain;1 дек. 2022 г.;Очень положительные;349 руб
The Universim;1 мар. 2022 г.;Очень положительные;325 руб
Pavlov VR;30 нояб. 2023 г.;Смешанные;1786 руб
Warhammer 40,000: Darktide;9 мар. 2018 г.;Очень положительные;234 руб
Risk of Rain 2: Survivors of the Void;29 мая 2019 г.;В основном положительные;748 руб
Call to Arms - Gates of Hell: Liberation;14 июн. 2018 г.;В основном положительные;580 руб
